class_name,proposed_path,confirmed_by_user
AK101_Black,database/weapons/firearms/AK101/objects.json,y
AK101_Green,database/weapons/firearms/AK101/objects.json,y
AK74_Black,database/weapons/firearms/AK101/objects.json,y
AK74_Green,database/weapons/firearms/AK101/objects.json,y
AKS74U_Black,database/weapons/firearms/AK74/objects.json,y
AKS74U_Green,database/weapons/firearms/AK74/objects.json,y
AK_FoldingBttstck_Black,database/weapons/attachments/support/objects.json,y
AK_FoldingBttstck_Green,database/weapons/attachments/support/objects.json,y
AK_PlasticBttstck_Black,database/weapons/attachments/support/objects.json,y
AK_PlasticBttstck_Green,database/weapons/attachments/support/objects.json,y
AK_RailHndgrd_Black,database/weapons/attachments/support/objects.json,y
AK_RailHndgrd_Green,database/weapons/attachments/support/objects.json,y
AK_WoodBttstck_Black,database/weapons/attachments/support/objects.json,y
AK_WoodBttstck_Camo,database/weapons/attachments/support/objects.json,y
AK_WoodHndgrd_Black,database/weapons/attachments/support/objects.json,y
AK_WoodHndgrd_Camo,database/weapons/attachments/support/objects.json,y
AlarmClock_Blue,database/gear/tools/objects.json,y
AlarmClock_Green,database/gear/tools/objects.json,y
AlarmClock_Red,database/gear/tools/objects.json,y
Ammo_40mm_Chemgas,database/weapons/ammunition/objects.json,y
Animal_UrsusArctos,database/animals_bliss/animal_urusarctos/objects.json,y
Anniversary_FireworksLauncher,database/gear/tools/objects.json,y
Bandana_Camopattern,database/characters/headgear/objects.json,y
Bandana_Polkapattern,database/characters/headgear/objects.json,y
Bandana_Redpattern,database/characters/headgear/objects.json,y
Breeches_Beetcheck,database/characters/pants/objects.json,y
Breeches_Beige,database/characters/pants/objects.json,y
Breeches_Black,database/characters/pants/objects.json,y
Breeches_Blackcheck,database/characters/pants/objects.json,y
Breeches_Blue,database/characters/pants/objects.json,y
Breeches_Browncheck,database/characters/pants/objects.json,y
Breeches_Green,database/characters/pants/objects.json,y
Breeches_Pink,database/characters/pants/objects.json,y
Breeches_Red,database/characters/pants/objects.json,y
Breeches_White,database/characters/pants/objects.json,y
Camonet,database/gear/camping/objects.json,y
ChernarusMap_Open,database/gear/navigation/objects.json,y
CivSedanDoors_BackLeft_Black,database/vehicles/wheeled/civiliansedan/proxy/objects.json,y
CivSedanDoors_BackLeft_BlackRust,database/vehicles/wheeled/civiliansedan/proxy/objects.json,y
CivSedanDoors_BackLeft_WhiteRust,database/vehicles/wheeled/civiliansedan/proxy/objects.json,y
CivSedanDoors_BackLeft_Wine,database/vehicles/wheeled/civiliansedan/proxy/objects.json,y
CivSedanDoors_BackLeft_WineRust,database/vehicles/wheeled/civiliansedan/proxy/objects.json,y
CivSedanDoors_BackRight_Black,database/vehicles/wheeled/civiliansedan/proxy/objects.json,y
CivSedanDoors_BackRight_BlackRust,database/vehicles/wheeled/civiliansedan/proxy/objects.json,y
CivSedanDoors_BackRight_WhiteRust,database/vehicles/wheeled/civiliansedan/proxy/objects.json,y
CivSedanDoors_BackRight_Wine,database/vehicles/wheeled/civiliansedan/proxy/objects.json,y
CivSedanDoors_BackRight_WineRust,database/vehicles/wheeled/civiliansedan/proxy/objects.json,y
CivSedanDoors_CoDriver_Black,database/vehicles/wheeled/civiliansedan/proxy/objects.json,y
CivSedanDoors_CoDriver_BlackRust,database/vehicles/wheeled/civiliansedan/proxy/objects.json,y
CivSedanDoors_CoDriver_WhiteRust,database/vehicles/wheeled/civiliansedan/proxy/objects.json,y
CivSedanDoors_CoDriver_Wine,database/vehicles/wheeled/civiliansedan/proxy/objects.json,y
CivSedanDoors_CoDriver_WineRust,database/vehicles/wheeled/civiliansedan/proxy/objects.json,y
CivSedanDoors_Driver_Black,database/vehicles/wheeled/civiliansedan/proxy/objects.json,y
CivSedanDoors_Driver_BlackRust,database/vehicles/wheeled/civiliansedan/proxy/objects.json,y
CivSedanDoors_Driver_WhiteRust,database/vehicles/wheeled/civiliansedan/proxy/objects.json,y
CivSedanDoors_Driver_Wine,database/vehicles/wheeled/civiliansedan/proxy/objects.json,y
CivSedanDoors_Driver_WineRust,database/vehicles/wheeled/civiliansedan/proxy/objects.json,y
CivSedanHood_Black,database/vehicles/wheeled/civiliansedan/proxy/objects.json,y
CivSedanHood_BlackRust,database/vehicles/wheeled/civiliansedan/proxy/objects.json,y
CivSedanHood_WhiteRust,database/vehicles/wheeled/civiliansedan/proxy/objects.json,y
CivSedanHood_Wine,database/vehicles/wheeled/civiliansedan/proxy/objects.json,y
CivSedanHood_WineRust,database/vehicles/wheeled/civiliansedan/proxy/objects.json,y
CivSedanTrunk_Black,database/vehicles/wheeled/civiliansedan/proxy/objects.json,y
CivSedanTrunk_BlackRust,database/vehicles/wheeled/civiliansedan/proxy/objects.json,y
CivSedanTrunk_WhiteRust,database/vehicles/wheeled/civiliansedan/proxy/objects.json,y
CivSedanTrunk_Wine,database/vehicles/wheeled/civiliansedan/proxy/objects.json,y
CivSedanTrunk_WineRust,database/vehicles/wheeled/civiliansedan/proxy/objects.json,y
CivilianSedan_Black,database/vehicles/wheeled/civiliansedan/objects.json,y
CivilianSedan_Wine,database/vehicles/wheeled/civiliansedan/objects.json,y
ContaminatedArea_Dynamic,database/weapons/archery/crossbow/objects.json,REMOVE
Crossbow_Autumn,database/weapons/archery/crossbow/objects.json,y
Crossbow_Black,database/weapons/archery/crossbow/objects.json,y
Crossbow_Summer,database/weapons/archery/crossbow/objects.json,y
Crossbow_Wood,database/weapons/archery/crossbow/objects.json,y
DarkMotoHelmet_Black,database/characters/headgear/objects.json,y
DarkMotoHelmet_Blue,database/characters/headgear/objects.json,y
DarkMotoHelmet_Green,database/characters/headgear/objects.json,y
DarkMotoHelmet_Grey,database/characters/headgear/objects.json,y
DarkMotoHelmet_Lime,database/characters/headgear/objects.json,y
DarkMotoHelmet_Red,database/characters/headgear/objects.json,y
Deagle_Gold,database/weapons/pistols/DE/objects.json,y
Derringer_Black,database/weapons/pistols/derringer/objects.json,y
Derringer_Grey,database/weapons/pistols/derringer/objects.json,y
Derringer_Pink,database/weapons/pistols/derringer/objects.json,y
FirefighterAxe_Black,database/weapons/melee/blade/objects.json,y
FirefighterAxe_Green,database/weapons/melee/blade/objects.json,y
Flag_APA,database/gear/camping/objects.json,y
Flag_Altis,database/gear/camping/objects.json,y
Flag_BabyDeer,database/gear/camping/objects.json,y
Flag_Bear,database/gear/camping/objects.json,y
Flag_Bohemia,database/gear/camping/objects.json,y
Flag_BrainZ,database/gear/camping/objects.json,y
Flag_CDF,database/gear/camping/objects.json,y
Flag_CHEL,database/gear/camping/objects.json,y
Flag_CMC,database/gear/camping/objects.json,y
Flag_Cannibals,database/gear/camping/objects.json,y
Flag_Chedaki,database/gear/camping/objects.json,y
Flag_Chernarus,database/gear/camping/objects.json,y
Flag_Crook,database/gear/camping/objects.json,y
Flag_DayZ,database/gear/camping/objects.json,y
Flag_HunterZ,database/gear/camping/objects.json,y
Flag_Livonia,database/gear/camping/objects.json,y
Flag_LivoniaArmy,database/gear/camping/objects.json,y
Flag_LivoniaPolice,database/gear/camping/objects.json,y
Flag_NAPA,database/gear/camping/objects.json,y
Flag_NSahrani,database/gear/camping/objects.json,y
Flag_Pirates,database/gear/camping/objects.json,y
Flag_RSTA,database/gear/camping/objects.json,y
Flag_Refuge,database/gear/camping/objects.json,y
Flag_Rex,database/gear/camping/objects.json,y
Flag_Rooster,database/gear/camping/objects.json,y
Flag_SSahrani,database/gear/camping/objects.json,y
Flag_Snake,database/gear/camping/objects.json,y
Flag_TEC,database/gear/camping/objects.json,y
Flag_UEC,database/gear/camping/objects.json,y
Flag_White,database/gear/camping/objects.json,y
Flag_Wolf,database/gear/camping/objects.json,y
Flag_Zagorky,database/gear/camping/objects.json,y
Flag_Zenit,database/gear/camping/objects.json,y
Foxpelt,database/gear/consumables/objects.json,y
GiftBox_Large_1,database/gear/containers/objects.json,y
GiftBox_Large_2,database/gear/containers/objects.json,y
GiftBox_Large_3,database/gear/containers/objects.json,y
GiftBox_Large_4,database/gear/containers/objects.json,y
GiftBox_Medium_1,database/gear/containers/objects.json,y
GiftBox_Medium_2,database/gear/containers/objects.json,y
GiftBox_Medium_3,database/gear/containers/objects.json,y
GiftBox_Medium_4,database/gear/containers/objects.json,y
GiftBox_Small_1,database/gear/containers/objects.json,y
GiftBox_Small_2,database/gear/containers/objects.json,y
GiftBox_Small_3,database/gear/containers/objects.json,y
GiftBox_Small_4,database/gear/containers/objects.json,y
HatchbackDoors_CoDriver_Blue,database/vehicles/wheeled/OffroadHatchback/proxy/objects.json,y
HatchbackDoors_CoDriver_BlueRust,database/vehicles/wheeled/OffroadHatchback/proxy/objects.json,y
HatchbackDoors_CoDriver_GreenRust,database/vehicles/wheeled/OffroadHatchback/proxy/objects.json,y
HatchbackDoors_CoDriver_White,database/vehicles/wheeled/OffroadHatchback/proxy/objects.json,y
HatchbackDoors_CoDriver_WhiteRust,database/vehicles/wheeled/OffroadHatchback/proxy/objects.json,y
HatchbackDoors_Driver_Blue,database/vehicles/wheeled/OffroadHatchback/proxy/objects.json,y
HatchbackDoors_Driver_BlueRust,database/vehicles/wheeled/OffroadHatchback/proxy/objects.json,y
HatchbackDoors_Driver_GreenRust,database/vehicles/wheeled/OffroadHatchback/proxy/objects.json,y
HatchbackDoors_Driver_White,database/vehicles/wheeled/OffroadHatchback/proxy/objects.json,y
HatchbackDoors_Driver_WhiteRust,database/vehicles/wheeled/OffroadHatchback/proxy/objects.json,y
HatchbackHood_Blue,database/vehicles/wheeled/OffroadHatchback/proxy/objects.json,y
HatchbackHood_BlueRust,database/vehicles/wheeled/OffroadHatchback/proxy/objects.json,y
HatchbackHood_GreenRust,database/vehicles/wheeled/OffroadHatchback/proxy/objects.json,y
HatchbackHood_White,database/vehicles/wheeled/OffroadHatchback/proxy/objects.json,y
HatchbackHood_WhiteRust,database/vehicles/wheeled/OffroadHatchback/proxy/objects.json,y
HatchbackTrunk_Blue,database/vehicles/wheeled/OffroadHatchback/proxy/objects.json,y
HatchbackTrunk_BlueRust,database/vehicles/wheeled/OffroadHatchback/proxy/objects.json,y
HatchbackTrunk_GreenRust,database/vehicles/wheeled/OffroadHatchback/proxy/objects.json,y
HatchbackTrunk_White,database/vehicles/wheeled/OffroadHatchback/proxy/objects.json,y
HatchbackTrunk_WhiteRust,database/vehicles/wheeled/OffroadHatchback/proxy/objects.json,y
Hatchback_02_Black,database/vehicles/wheeled/Hatchback_02/objects.json,y
Hatchback_02_Blue,database/vehicles/wheeled/Hatchback_02/objects.json,y
Hatchback_02_Door_1_1_Black,database/vehicles/wheeled/Hatchback_02/Proxy/objects.json,y
Hatchback_02_Door_1_1_BlackRust,database/vehicles/wheeled/Hatchback_02/Proxy/objects.json,y
Hatchback_02_Door_1_1_Blue,database/vehicles/wheeled/Hatchback_02/Proxy/objects.json,y
Hatchback_02_Door_1_1_BlueRust,database/vehicles/wheeled/Hatchback_02/Proxy/objects.json,y
Hatchback_02_Door_1_1_RedRust,database/vehicles/wheeled/Hatchback_02/Proxy/objects.json,y
Hatchback_02_Door_1_2_Black,database/vehicles/wheeled/Hatchback_02/Proxy/objects.json,y
Hatchback_02_Door_1_2_BlackRust,database/vehicles/wheeled/Hatchback_02/Proxy/objects.json,y
Hatchback_02_Door_1_2_Blue,database/vehicles/wheeled/Hatchback_02/Proxy/objects.json,y
Hatchback_02_Door_1_2_BlueRust,database/vehicles/wheeled/Hatchback_02/Proxy/objects.json,y
Hatchback_02_Door_1_2_RedRust,database/vehicles/wheeled/Hatchback_02/Proxy/objects.json,y
Hatchback_02_Door_2_1_Black,database/vehicles/wheeled/Hatchback_02/Proxy/objects.json,y
Hatchback_02_Door_2_1_BlackRust,database/vehicles/wheeled/Hatchback_02/Proxy/objects.json,y
Hatchback_02_Door_2_1_Blue,database/vehicles/wheeled/Hatchback_02/Proxy/objects.json,y
Hatchback_02_Door_2_1_BlueRust,database/vehicles/wheeled/Hatchback_02/Proxy/objects.json,y
Hatchback_02_Door_2_1_RedRust,database/vehicles/wheeled/Hatchback_02/Proxy/objects.json,y
Hatchback_02_Door_2_2_Black,database/vehicles/wheeled/Hatchback_02/Proxy/objects.json,y
Hatchback_02_Door_2_2_BlackRust,database/vehicles/wheeled/Hatchback_02/Proxy/objects.json,y
Hatchback_02_Door_2_2_Blue,database/vehicles/wheeled/Hatchback_02/Proxy/objects.json,y
Hatchback_02_Door_2_2_BlueRust,database/vehicles/wheeled/Hatchback_02/Proxy/objects.json,y
Hatchback_02_Door_2_2_RedRust,database/vehicles/wheeled/Hatchback_02/Proxy/objects.json,y
Hatchback_02_Hood_Black,database/vehicles/wheeled/Hatchback_02/Proxy/objects.json,y
Hatchback_02_Hood_BlackRust,database/vehicles/wheeled/Hatchback_02/Proxy/objects.json,y
Hatchback_02_Hood_Blue,database/vehicles/wheeled/Hatchback_02/Proxy/objects.json,y
Hatchback_02_Hood_BlueRust,database/vehicles/wheeled/Hatchback_02/Proxy/objects.json,y
Hatchback_02_Hood_RedRust,database/vehicles/wheeled/Hatchback_02/Proxy/objects.json,y
Hatchback_02_Trunk_Black,database/vehicles/wheeled/Hatchback_02/Proxy/objects.json,y
Hatchback_02_Trunk_BlackRust,database/vehicles/wheeled/Hatchback_02/Proxy/objects.json,y
Hatchback_02_Trunk_Blue,database/vehicles/wheeled/Hatchback_02/Proxy/objects.json,y
Hatchback_02_Trunk_BlueRust,database/vehicles/wheeled/Hatchback_02/Proxy/objects.json,y
Hatchback_02_Trunk_RedRust,database/vehicles/wheeled/Hatchback_02/Proxy/objects.json,y
HuntingVest_Winter,database/characters/vests/objects.json,y
Land_Wreck_Ikarus_DE,database/structures/wrecks/Vehicles/objects.json,y
Land_Wreck_S1023_Medic_Beige_DE,database/structures/wrecks/Vehicles/objects.json,y
Land_Wreck_Tractor_DE,database/structures/wrecks/Vehicles/objects.json,y
Land_Wreck_Trailer_Closed_DE,database/structures/wrecks/Vehicles/objects.json,y
Land_Wreck_V3S_DE,database/structures/wrecks/Vehicles/objects.json,y
Land_Wreck_sed02_aban1_Police_DE,database/structures/wrecks/Vehicles/objects.json,y
Land_Wreck_sed02_aban2_Police_DE,database/structures/wrecks/Vehicles/objects.json,y
Land_wreck_truck01_aban1_orange_DE,database/structures/wrecks/Vehicles/objects.json,y
LeatherBelt_Natural,database/characters/belts/objects.json,y
Longhorn,database/weapons/pistols/longhorn/objects.json,y
M16A2,database/weapons/firearms/m16a2/objects.json,y
M4A1_Black,database/weapons/firearms/m4/objects.json,y
M4A1_Green,database/weapons/firearms/m4/objects.json,y
M4_RISHndgrd_Black,database/weapons/attachments/support/objects.json,y
M4_RISHndgrd_Green,database/weapons/attachments/support/objects.json,y
MK4Optic_Black,database/weapons/attachments/optics/objects.json,y
MK4Optic_Green,database/weapons/attachments/optics/objects.json,y
MK4Optic_Tan,database/weapons/attachments/optics/objects.json,y
MK4Optic_black,database/weapons/attachments/optics/objects.json,y
MK4Optic_green,database/weapons/attachments/optics/objects.json,y
MK4Optic_tan,database/weapons/attachments/optics/objects.json,y
Mag_CZ550_10Rnd,database/weapons/attachments/magazine/objects.json,y
MediumTent_Green,database/gear/camping/objects.json,y
MediumTent_Orange,database/gear/camping/objects.json,y
MimeMask_Female,database/characters/masks/objects.json,y
Mosin9130_Black,database/weapons/firearms/mosin9130/objects.json,y
Mosin9130_Camo,database/weapons/firearms/mosin9130/objects.json,y
Mosin9130_Green,database/weapons/firearms/mosin9130/objects.json,y
MotoHelmet_White,database/characters/headgear/objects.json,y
MotoHelmet_Yellow,database/characters/headgear/objects.json,y
NBCBootsGray,database/characters/shoes/objects.json,y
NBCBootsWhite,database/characters/shoes/objects.json,y
NBCBootsYellow,database/characters/shoes/objects.json,y
NBCHoodGray,database/characters/headgear/objects.json,y
NBCHoodWhite,database/characters/headgear/objects.json,y
NBCHoodYellow,database/characters/headgear/objects.json,y
NBCJacketGray,database/characters/tops/objects.json,y
NBCJacketWhite,database/characters/tops/objects.json,y
NBCJacketYellow,database/characters/tops/objects.json,y
NBCPantsGray,database/characters/pants/objects.json,y
NBCPantsWhite,database/characters/pants/objects.json,y
NBCPantsYellow,database/characters/pants/objects.json,y
NavyUniformPants,database/characters/pants/objects.json,y
OKZKCap_Beige,database/characters/headgear/objects.json,y
OKZKCap_Green,database/characters/headgear/objects.json,y
OffroadHatchback_Blue,database/vehicles/wheeled/OffroadHatchback/objects.json,y
OffroadHatchback_White,database/vehicles/wheeled/OffroadHatchback/objects.json,y
Offroad_02_Door_1_1_Rust,database/vehicles/wheeled/Offroad_02/proxy/objects.json,y
Offroad_02_Door_1_2_Rust,database/vehicles/wheeled/Offroad_02/proxy/objects.json,y
Offroad_02_Door_2_1_Rust,database/vehicles/wheeled/Offroad_02/proxy/objects.json,y
Offroad_02_Door_2_2_Rust,database/vehicles/wheeled/Offroad_02/proxy/objects.json,y
Offroad_02_Trunk_Rust,database/vehicles/wheeled/Offroad_02/proxy/objects.json,y
PM73Rak,UNMAPPED,UNKNOWN - NOTE FOR LATER
PP19,database/weapons/firearms/pp19/objects.json,y
PartyTent_Blue,database/gear/camping/objects.json,y
PartyTent_Brown,database/gear/camping/objects.json,y
PartyTent_Lunapark,database/gear/camping/objects.json,y
PetushokHat_Black,database/characters/headgear/objects.json,y
PetushokHat_Green,database/characters/headgear/objects.json,y
PetushokHat_Yellow,database/characters/headgear/objects.json,y
PlateCarrierHolster_Black,database/characters/vests/objects.json,y
PlateCarrierHolster_Camo,database/characters/vests/objects.json,y
PlateCarrierHolster_Green,database/characters/vests/objects.json,y
PlateCarrierHolster_Winter,database/characters/vests/objects.json,y
PlateCarrierPouches_Black,database/characters/vests/objects.json,y
PlateCarrierPouches_Camo,database/characters/vests/objects.json,y
PlateCarrierPouches_Green,database/characters/vests/objects.json,y
PlateCarrierPouches_Winter,database/characters/vests/objects.json,y
PlateCarrierVest_Black,database/characters/vests/objects.json,y
PlateCarrierVest_Camo,database/characters/vests/objects.json,y
PlateCarrierVest_Green,database/characters/vests/objects.json,y
PlateCarrierVest_Winter,database/characters/vests/objects.json,y
SawedoffMosin9130_Black,database/weapons/firearms/mosin9130/objects.json,y
SawedoffMosin9130_Camo,database/weapons/firearms/mosin9130/objects.json,y
SawedoffMosin9130_Green,database/weapons/firearms/mosin9130/objects.json,y
Scout_Chernarus,database/weapons/firearms/scout/objects.json,y
Scout_Livonia,database/weapons/firearms/scout/objects.json,y
Sedan_02_Door_1_1_Grey,database/vehicles/wheeled/Sedan_02/proxy/objects.json,y
Sedan_02_Door_1_1_GreyRust,database/vehicles/wheeled/Sedan_02/proxy/objects.json,y
Sedan_02_Door_1_1_Red,database/vehicles/wheeled/Sedan_02/proxy/objects.json,y
Sedan_02_Door_1_1_RedRust,database/vehicles/wheeled/Sedan_02/proxy/objects.json,y
Sedan_02_Door_1_1_YellowRust,database/vehicles/wheeled/Sedan_02/proxy/objects.json,y
Sedan_02_Door_1_2_Grey,database/vehicles/wheeled/Sedan_02/proxy/objects.json,y
Sedan_02_Door_1_2_GreyRust,database/vehicles/wheeled/Sedan_02/proxy/objects.json,y
Sedan_02_Door_1_2_Red,database/vehicles/wheeled/Sedan_02/proxy/objects.json,y
Sedan_02_Door_1_2_RedRust,database/vehicles/wheeled/Sedan_02/proxy/objects.json,y
Sedan_02_Door_1_2_YellowRust,database/vehicles/wheeled/Sedan_02/proxy/objects.json,y
Sedan_02_Door_2_1_Grey,database/vehicles/wheeled/Sedan_02/proxy/objects.json,y
Sedan_02_Door_2_1_GreyRust,database/vehicles/wheeled/Sedan_02/proxy/objects.json,y
Sedan_02_Door_2_1_Red,database/vehicles/wheeled/Sedan_02/proxy/objects.json,y
Sedan_02_Door_2_1_RedRust,database/vehicles/wheeled/Sedan_02/proxy/objects.json,y
Sedan_02_Door_2_1_YellowRust,database/vehicles/wheeled/Sedan_02/proxy/objects.json,y
Sedan_02_Door_2_2_Grey,database/vehicles/wheeled/Sedan_02/proxy/objects.json,y
Sedan_02_Door_2_2_GreyRust,database/vehicles/wheeled/Sedan_02/proxy/objects.json,y
Sedan_02_Door_2_2_Red,database/vehicles/wheeled/Sedan_02/proxy/objects.json,y
Sedan_02_Door_2_2_RedRust,database/vehicles/wheeled/Sedan_02/proxy/objects.json,y
Sedan_02_Door_2_2_YellowRust,database/vehicles/wheeled/Sedan_02/proxy/objects.json,y
Sedan_02_Grey,database/vehicles/wheeled/Sedan_02/objects.json,y
Sedan_02_Hood_Grey,database/vehicles/wheeled/Sedan_02/proxy/objects.json,y
Sedan_02_Hood_GreyRust,database/vehicles/wheeled/Sedan_02/proxy/objects.json,y
Sedan_02_Hood_Red,database/vehicles/wheeled/Sedan_02/proxy/objects.json,y
Sedan_02_Hood_RedRust,database/vehicles/wheeled/Sedan_02/proxy/objects.json,y
Sedan_02_Hood_YellowRust,database/vehicles/wheeled/Sedan_02/proxy/objects.json,y
Sedan_02_Red,database/vehicles/wheeled/Sedan_02/objects.json,y
Sedan_02_Trunk_Grey,database/vehicles/wheeled/Sedan_02/proxy/objects.json,y
Sedan_02_Trunk_GreyRust,database/vehicles/wheeled/Sedan_02/proxy/objects.json,y
Sedan_02_Trunk_Red,database/vehicles/wheeled/Sedan_02/proxy/objects.json,y
Sedan_02_Trunk_RedRust,database/vehicles/wheeled/Sedan_02/proxy/objects.json,y
Sedan_02_Trunk_YellowRust,database/vehicles/wheeled/Sedan_02/proxy/objects.json,y
ShippingContainerKeys_Blue,database/gear/tools/objects.json,y
ShippingContainerKeys_Orange,database/gear/tools/objects.json,y
ShippingContainerKeys_Red,database/gear/tools/objects.json,y
ShippingContainerKeys_Yellow,database/gear/tools/objects.json,y
ShortJeans_Black,database/characters/pants/objects.json,y
ShortJeans_Blue,database/characters/pants/objects.json,y
ShortJeans_Brown,database/characters/pants/objects.json,y
ShortJeans_Darkblue,database/characters/pants/objects.json,y
ShortJeans_Green,database/characters/pants/objects.json,y
ShortJeans_Red,database/characters/pants/objects.json,y
Skirt_Blue,database/characters/pants/objects.json,y
Skirt_Red,database/characters/pants/objects.json,y
Skirt_White,database/characters/pants/objects.json,y
Skirt_Yellow,database/characters/pants/objects.json,y
SlacksPants_Beige,database/characters/pants/objects.json,y
SlacksPants_Black,database/characters/pants/objects.json,y
SlacksPants_Blue,database/characters/pants/objects.json,y
SlacksPants_Brown,database/characters/pants/objects.json,y
SlacksPants_DarkGrey,database/characters/pants/objects.json,y
SlacksPants_Khaki,database/characters/pants/objects.json,y
SlacksPants_LightGrey,database/characters/pants/objects.json,y
SlacksPants_White,database/characters/pants/objects.json,y
Slingbag_Black,database/characters/backpacks/objects.json,y
Slingbag_Brown,database/characters/backpacks/objects.json,y
Slingbag_Gray,database/characters/backpacks/objects.json,y
SpearBone,database/gear/crafting/objects.json,y
SpearStone,database/gear/crafting/objects.json,y
Static_FrozenScientist_DE,database/characters/zombies/objects.json,y
SurgicalGloves_Blue,database/characters/gloves/objects.json,y
SurgicalGloves_Green,database/characters/gloves/objects.json,y
SurgicalGloves_LightBlue,database/characters/gloves/objects.json,y
SurgicalGloves_White,database/characters/gloves/objects.json,y
Sweater_ChristmasBlue,database/characters/tops/objects.json,y
Sweater_ChristmasGreen,database/characters/tops/objects.json,y
Sweater_ChristmasRed,database/characters/tops/objects.json,y
Truck_01_Covered_Blue,database/vehicles/wheeled/Truck_01/objects.json,y
Truck_01_Covered_Orange,database/vehicles/wheeled/Truck_01/objects.json,y
Truck_01_Door_1_1_Blue,database/vehicles/wheeled/Truck_01/proxy/objects.json,y
Truck_01_Door_1_1_BlueRust,database/vehicles/wheeled/Truck_01/proxy/objects.json,y
Truck_01_Door_1_1_GreenRust,database/vehicles/wheeled/Truck_01/proxy/objects.json,y
Truck_01_Door_1_1_Orange,database/vehicles/wheeled/Truck_01/proxy/objects.json,y
Truck_01_Door_1_1_OrangeRust,database/vehicles/wheeled/Truck_01/proxy/objects.json,y
Truck_01_Door_2_1_Blue,database/vehicles/wheeled/Truck_01/proxy/objects.json,y
Truck_01_Door_2_1_BlueRust,database/vehicles/wheeled/Truck_01/proxy/objects.json,y
Truck_01_Door_2_1_GreenRust,database/vehicles/wheeled/Truck_01/proxy/objects.json,y
Truck_01_Door_2_1_Orange,database/vehicles/wheeled/Truck_01/proxy/objects.json,y
Truck_01_Door_2_1_OrangeRust,database/vehicles/wheeled/Truck_01/proxy/objects.json,y
Truck_01_Hood_Blue,database/vehicles/wheeled/Truck_01/proxy/objects.json,y
Truck_01_Hood_BlueRust,database/vehicles/wheeled/Truck_01/proxy/objects.json,y
Truck_01_Hood_GreenRust,database/vehicles/wheeled/Truck_01/proxy/objects.json,y
Truck_01_Hood_Orange,database/vehicles/wheeled/Truck_01/proxy/objects.json,y
Truck_01_Hood_OrangeRust,database/vehicles/wheeled/Truck_01/proxy/objects.json,y
Tshirt_10thAnniversary,database/characters/tops/objects.json,y
WitchHoodCoif_Black,database/characters/headgear/objects.json,y
WitchHoodCoif_Brown,database/characters/headgear/objects.json,y
WitchHoodCoif_Red,database/characters/headgear/objects.json,y
WitchHood_Chainmail_Black,database/characters/headgear/objects.json,y
WitchHood_Chainmail_Brown,database/characters/headgear/objects.json,y
WitchHood_Chainmail_Red,database/characters/headgear/objects.json,y
WoolGlovesFingerless_Black,database/characters/gloves/objects.json,y
WoolGlovesFingerless_ChristmasBlue,database/characters/gloves/objects.json,y
WoolGlovesFingerless_ChristmasRed,database/characters/gloves/objects.json,y
WoolGlovesFingerless_Green,database/characters/gloves/objects.json,y
WoolGlovesFingerless_Tan,database/characters/gloves/objects.json,y
WoolGlovesFingerless_White,database/characters/gloves/objects.json,y
ZmbF_BlueCollarFat_Blue,database/characters/zombies/objects.json,y
ZmbF_BlueCollarFat_Green,database/characters/zombies/objects.json,y
ZmbF_BlueCollarFat_Red,database/characters/zombies/objects.json,y
ZmbF_BlueCollarFat_White,database/characters/zombies/objects.json,y
ZmbF_CitizenANormal_Beige,database/characters/zombies/objects.json,y
ZmbF_CitizenANormal_Blue,database/characters/zombies/objects.json,y
ZmbF_CitizenANormal_Brown,database/characters/zombies/objects.json,y
ZmbF_CitizenBSkinny,database/characters/zombies/objects.json,y
ZmbF_Clerk_Normal_Blue,database/characters/zombies/objects.json,y
ZmbF_Clerk_Normal_Green,database/characters/zombies/objects.json,y
ZmbF_Clerk_Normal_Red,database/characters/zombies/objects.json,y
ZmbF_Clerk_Normal_White,database/characters/zombies/objects.json,y
ZmbF_DoctorSkinny,database/characters/zombies/objects.json,y
ZmbF_HikerSkinny_Blue,database/characters/zombies/objects.json,y
ZmbF_HikerSkinny_Green,database/characters/zombies/objects.json,y
ZmbF_HikerSkinny_Grey,database/characters/zombies/objects.json,y
ZmbF_HikerSkinny_Red,database/characters/zombies/objects.json,y
ZmbF_JoggerSkinny_Blue,database/characters/zombies/objects.json,y
ZmbF_JoggerSkinny_Brown,database/characters/zombies/objects.json,y
ZmbF_JoggerSkinny_Green,database/characters/zombies/objects.json,y
ZmbF_JoggerSkinny_Red,database/characters/zombies/objects.json,y
ZmbF_JournalistNormal_Blue,database/characters/zombies/objects.json,y
ZmbF_JournalistNormal_Green,database/characters/zombies/objects.json,y
ZmbF_JournalistNormal_Red,database/characters/zombies/objects.json,y
ZmbF_JournalistNormal_White,database/characters/zombies/objects.json,y
ZmbF_MechanicNormal_Beige,database/characters/zombies/objects.json,y
ZmbF_MechanicNormal_Green,database/characters/zombies/objects.json,y
ZmbF_MechanicNormal_Grey,database/characters/zombies/objects.json,y
ZmbF_MechanicNormal_Orange,database/characters/zombies/objects.json,y
ZmbF_MilkMaidOld_Beige,database/characters/zombies/objects.json,y
ZmbF_MilkMaidOld_Black,database/characters/zombies/objects.json,y
ZmbF_MilkMaidOld_Green,database/characters/zombies/objects.json,y
ZmbF_MilkMaidOld_Grey,database/characters/zombies/objects.json,y
ZmbF_NurseFat,database/characters/zombies/objects.json,y
ZmbF_NurseFat_Winter,database/characters/zombies/objects.json,y
ZmbF_ParamedicNormal_Blue,database/characters/zombies/objects.json,y
ZmbF_ParamedicNormal_Green,database/characters/zombies/objects.json,y
ZmbF_ParamedicNormal_Red,database/characters/zombies/objects.json,y
ZmbF_PatientOld,database/characters/zombies/objects.json,y
ZmbF_PatientOld_Winter,database/characters/zombies/objects.json,y
ZmbF_PoliceWomanNormal,database/characters/zombies/objects.json,y
ZmbF_ShortSkirt_beige,database/characters/zombies/objects.json,y
ZmbF_ShortSkirt_black,database/characters/zombies/objects.json,y
ZmbF_ShortSkirt_brown,database/characters/zombies/objects.json,y
ZmbF_ShortSkirt_checks,database/characters/zombies/objects.json,y
ZmbF_ShortSkirt_green,database/characters/zombies/objects.json,y
ZmbF_ShortSkirt_grey,database/characters/zombies/objects.json,y
ZmbF_ShortSkirt_red,database/characters/zombies/objects.json,y
ZmbF_ShortSkirt_stripes,database/characters/zombies/objects.json,y
ZmbF_ShortSkirt_white,database/characters/zombies/objects.json,y
ZmbF_ShortSkirt_yellow,database/characters/zombies/objects.json,y
ZmbF_SkaterYoung_Brown,database/characters/zombies/objects.json,y
ZmbF_SkaterYoung_Striped,database/characters/zombies/objects.json,y
ZmbF_SkaterYoung_Violet,database/characters/zombies/objects.json,y
ZmbF_SurvivorNormal_Blue,database/characters/zombies/objects.json,y
ZmbF_SurvivorNormal_Orange,database/characters/zombies/objects.json,y
ZmbF_SurvivorNormal_Red,database/characters/zombies/objects.json,y
ZmbF_SurvivorNormal_White,database/characters/zombies/objects.json,y
ZmbF_VillagerOld_Blue,database/characters/zombies/objects.json,y
ZmbF_VillagerOld_Green,database/characters/zombies/objects.json,y
ZmbF_VillagerOld_Red,database/characters/zombies/objects.json,y
ZmbF_VillagerOld_White,database/characters/zombies/objects.json,y
ZmbM_CitizenASkinny_Blue,database/characters/zombies/objects.json,y
ZmbM_CitizenASkinny_Brown,database/characters/zombies/objects.json,y
ZmbM_CitizenASkinny_Grey,database/characters/zombies/objects.json,y
ZmbM_CitizenASkinny_Red,database/characters/zombies/objects.json,y
ZmbM_CitizenBFat_Blue,database/characters/zombies/objects.json,y
ZmbM_CitizenBFat_Green,database/characters/zombies/objects.json,y
ZmbM_CitizenBFat_Red,database/characters/zombies/objects.json,y
ZmbM_ClerkFat_Brown,database/characters/zombies/objects.json,y
ZmbM_ClerkFat_Grey,database/characters/zombies/objects.json,y
ZmbM_ClerkFat_Khaki,database/characters/zombies/objects.json,y
ZmbM_ClerkFat_White,database/characters/zombies/objects.json,y
ZmbM_CommercialPilotOld_Blue,database/characters/zombies/objects.json,y
ZmbM_CommercialPilotOld_Brown,database/characters/zombies/objects.json,y
ZmbM_CommercialPilotOld_Grey,database/characters/zombies/objects.json,y
ZmbM_CommercialPilotOld_Olive,database/characters/zombies/objects.json,y
ZmbM_ConstrWorkerNormal_Beige,database/characters/zombies/objects.json,y
ZmbM_ConstrWorkerNormal_Black,database/characters/zombies/objects.json,y
ZmbM_ConstrWorkerNormal_Green,database/characters/zombies/objects.json,y
ZmbM_ConstrWorkerNormal_Grey,database/characters/zombies/objects.json,y
ZmbM_DoctorFat,database/characters/zombies/objects.json,y
ZmbM_DoctorFat_Winter,database/characters/zombies/objects.json,y
ZmbM_FarmerFat_Beige,database/characters/zombies/objects.json,y
ZmbM_FarmerFat_Blue,database/characters/zombies/objects.json,y
ZmbM_FarmerFat_Brown,database/characters/zombies/objects.json,y
ZmbM_FarmerFat_Green,database/characters/zombies/objects.json,y
ZmbM_FirefighterNormal,database/characters/zombies/objects.json,y
ZmbM_FishermanOld_Blue,database/characters/zombies/objects.json,y
ZmbM_FishermanOld_Green,database/characters/zombies/objects.json,y
ZmbM_FishermanOld_Grey,database/characters/zombies/objects.json,y
ZmbM_FishermanOld_Red,database/characters/zombies/objects.json,y
ZmbM_Gamedev_Black,database/characters/zombies/objects.json,y
ZmbM_Gamedev_Blue,database/characters/zombies/objects.json,y
ZmbM_Gamedev_Gray,database/characters/zombies/objects.json,y
ZmbM_HandymanNormal_Beige,database/characters/zombies/objects.json,y
ZmbM_HandymanNormal_Blue,database/characters/zombies/objects.json,y
ZmbM_HandymanNormal_Green,database/characters/zombies/objects.json,y
ZmbM_HandymanNormal_Grey,database/characters/zombies/objects.json,y
ZmbM_HandymanNormal_White,database/characters/zombies/objects.json,y
ZmbM_HeavyIndustryWorker,database/characters/zombies/objects.json,y
ZmbM_HermitSkinny_Beige,database/characters/zombies/objects.json,y
ZmbM_HermitSkinny_Black,database/characters/zombies/objects.json,y
ZmbM_HermitSkinny_Green,database/characters/zombies/objects.json,y
ZmbM_HermitSkinny_Red,database/characters/zombies/objects.json,y
ZmbM_HikerSkinny_Blue,database/characters/zombies/objects.json,y
ZmbM_HikerSkinny_Green,database/characters/zombies/objects.json,y
ZmbM_HikerSkinny_Yellow,database/characters/zombies/objects.json,y
ZmbM_HunterOld_Autumn,database/characters/zombies/objects.json,y
ZmbM_HunterOld_Spring,database/characters/zombies/objects.json,y
ZmbM_HunterOld_Summer,database/characters/zombies/objects.json,y
ZmbM_HunterOld_Winter,database/characters/zombies/objects.json,y
ZmbM_Jacket_beige,database/characters/zombies/objects.json,y
ZmbM_Jacket_black,database/characters/zombies/objects.json,y
ZmbM_Jacket_blue,database/characters/zombies/objects.json,y
ZmbM_Jacket_bluechecks,database/characters/zombies/objects.json,y
ZmbM_Jacket_brown,database/characters/zombies/objects.json,y
ZmbM_Jacket_greenchecks,database/characters/zombies/objects.json,y
ZmbM_Jacket_grey,database/characters/zombies/objects.json,y
ZmbM_Jacket_khaki,database/characters/zombies/objects.json,y
ZmbM_Jacket_magenta,database/characters/zombies/objects.json,y
ZmbM_Jacket_stripes,database/characters/zombies/objects.json,y
ZmbM_JoggerSkinny_Blue,database/characters/zombies/objects.json,y
ZmbM_JoggerSkinny_Green,database/characters/zombies/objects.json,y
ZmbM_JoggerSkinny_Red,database/characters/zombies/objects.json,y
ZmbM_JournalistSkinny,database/characters/zombies/objects.json,y
ZmbM_MechanicSkinny_Blue,database/characters/zombies/objects.json,y
ZmbM_MechanicSkinny_Green,database/characters/zombies/objects.json,y
ZmbM_MechanicSkinny_Grey,database/characters/zombies/objects.json,y
ZmbM_MechanicSkinny_Red,database/characters/zombies/objects.json,y
ZmbM_MotobikerFat_Beige,database/characters/zombies/objects.json,y
ZmbM_MotobikerFat_Black,database/characters/zombies/objects.json,y
ZmbM_MotobikerFat_Blue,database/characters/zombies/objects.json,y
ZmbM_OffshoreWorker_Green,database/characters/zombies/objects.json,y
ZmbM_OffshoreWorker_Orange,database/characters/zombies/objects.json,y
ZmbM_OffshoreWorker_Red,database/characters/zombies/objects.json,y
ZmbM_OffshoreWorker_Yellow,database/characters/zombies/objects.json,y
ZmbM_ParamedicNormal_Black,database/characters/zombies/objects.json,y
ZmbM_ParamedicNormal_Blue,database/characters/zombies/objects.json,y
ZmbM_ParamedicNormal_Green,database/characters/zombies/objects.json,y
ZmbM_ParamedicNormal_Red,database/characters/zombies/objects.json,y
ZmbM_PatientSkinny,database/characters/zombies/objects.json,y
ZmbM_PatientSkinny_Winter,database/characters/zombies/objects.json,y
ZmbM_PatrolNormal_Autumn,database/characters/zombies/objects.json,y
ZmbM_PatrolNormal_Flat,database/characters/zombies/objects.json,y
ZmbM_PatrolNormal_PautRev,database/characters/zombies/objects.json,y
ZmbM_PatrolNormal_Summer,database/characters/zombies/objects.json,y
ZmbM_PolicemanFat,database/characters/zombies/objects.json,y
ZmbM_PolicemanSpecForce,database/characters/zombies/objects.json,y
ZmbM_PolicemanSpecForce_Heavy,database/characters/zombies/objects.json,y
ZmbM_PrisonerSkinny,database/characters/zombies/objects.json,y
ZmbM_SkaterYoung_Blue,database/characters/zombies/objects.json,y
ZmbM_SkaterYoung_Brown,database/characters/zombies/objects.json,y
ZmbM_SkaterYoung_Green,database/characters/zombies/objects.json,y
ZmbM_SkaterYoung_Grey,database/characters/zombies/objects.json,y
ZmbM_SoldierNormal,database/characters/zombies/objects.json,y
ZmbM_VillagerOld_Blue,database/characters/zombies/objects.json,y
ZmbM_VillagerOld_Green,database/characters/zombies/objects.json,y
ZmbM_VillagerOld_White,database/characters/zombies/objects.json,y
ZmbM_eastSoldier_Heavy_Navy,database/characters/zombies/objects.json,y
ZmbM_eastSoldier_normal_Navy,database/characters/zombies/objects.json,y
ZmbM_priestPopSkinny,database/characters/zombies/objects.json,y
ZmbM_usSoldier_Heavy_Woodland,database/characters/zombies/objects.json,y
ZmbM_usSoldier_Officer_Convoy,database/characters/zombies/objects.json,y
ZmbM_usSoldier_normal_Desert,database/characters/zombies/objects.json,y
ZmbM_usSoldier_normal_Woodland,database/characters/zombies/objects.json,y
Zmbm_Mummy,database/characters/zombies/objects.json,y
m14,database/weapons/firearms/m14/objects.json,y